id,brand,model,sku,price
1,Mercedes-Benz,E-Class,559-50-9602,"€72981,20"
2,Suzuki,SJ,642-69-0953,"€90247,31"
3,Nissan,Frontier,442-77-4953,"€30067,41"
4,Toyota,RAV4,521-65-6925,"€43093,80"
5,Dodge,Durango,345-81-4300,"€25209,01"
6,Toyota,Corolla,898-29-9491,"€14814,96"
7,Jeep,Grand Cherokee,279-03-2457,"€60520,81"
8,Dodge,Viper,298-43-1026,"€53615,95"
9,Scion,xB,741-32-6267,"€30171,27"
10,Cadillac,DeVille,237-18-2716,"€70328,97"
11,Bentley,Continental Flying Spur,293-89-8349,"€50973,35"
12,Hyundai,Tucson,640-44-6299,"€70133,16"
13,Kia,Amanti,504-08-6107,"€77779,43"
14,Lexus,ES,190-47-6404,"€91547,50"
15,Jeep,Grand Cherokee,305-67-5768,"€57060,91"
16,Ford,Ranger,782-04-3501,"€77869,50"
17,Ford,Escort,566-78-5851,"€75286,67"
18,Audi,A6,240-74-6775,"€26607,04"
19,Mercedes-Benz,GL-Class,426-09-3635,"€71211,10"
20,Mercedes-Benz,W201,167-42-2090,"€87332,87"
21,Audi,A5,189-25-4980,"€60897,34"
22,BMW,5 Series,247-44-0378,"€85718,16"
23,Mercedes-Benz,SL-Class,667-66-3556,"€95255,34"
24,GMC,Savana,125-98-6746,"€64944,47"
25,Toyota,Venza,166-64-4955,"€69899,95"
26,Ford,Focus,589-94-8852,"€47633,54"
27,GMC,Canyon,519-56-7122,"€87757,69"
28,Buick,Skylark,146-19-8328,"€96092,00"
29,Dodge,Ram 3500,493-13-4462,"€94862,05"
30,Lotus,Elise,724-60-5938,"€80759,67"
31,Buick,Park Avenue,530-64-8808,"€52911,18"
32,GMC,Sierra 3500,207-73-5513,"€63465,15"
33,Morgan,Aero 8,457-41-6790,"€94988,44"
34,Chevrolet,3500,686-50-3760,"€11583,75"
35,Ford,F350,392-56-2868,"€13547,62"
36,Mitsubishi,Cordia,193-05-8222,"€37909,31"
37,Audi,A6,874-70-1344,"€48245,74"
38,Ford,F250,346-39-0599,"€51220,99"
39,Hummer,H2,416-72-1371,"€73590,31"
40,Acura,Vigor,677-43-4516,"€21570,18"
41,Cadillac,STS-V,349-74-7751,"€51105,90"
42,Lincoln,Navigator L,875-94-6645,"€64288,34"
43,Nissan,Titan,711-86-2716,"€84060,85"
44,Volvo,XC70,624-40-9701,"€69411,22"
45,Oldsmobile,Silhouette,180-35-6330,"€52257,51"
46,Nissan,Sentra,165-77-5145,"€49118,75"
47,Ford,Econoline E150,145-60-6305,"€75452,23"
48,Ford,Econoline E150,568-25-2365,"€73838,24"
49,Volvo,S80,347-46-9274,"€43580,49"
50,Jeep,Cherokee,457-75-7500,"€99495,99"
51,Chrysler,PT Cruiser,674-10-8523,"€47361,59"
52,Audi,A7,834-32-9618,"€94190,00"
53,Mercedes-Benz,S-Class,165-39-2370,"€11558,29"
54,Lincoln,MKX,279-16-4780,"€38537,63"
55,Chevrolet,Venture,401-96-0236,"€11127,79"
56,Ford,F350,710-45-7006,"€70083,10"
57,Hyundai,Tucson,141-02-4315,"€22940,92"
58,Volkswagen,Passat,590-26-1842,"€36911,24"
59,Chevrolet,Suburban 2500,762-46-0334,"€72160,79"
60,Volkswagen,GTI,768-14-7464,"€57335,81"
61,Mercury,Cougar,447-22-2874,"€95911,22"
62,Chevrolet,1500,147-96-2468,"€84170,02"
63,Dodge,Grand Caravan,618-73-1002,"€42109,53"
64,Volvo,V40,535-50-7117,"€23815,30"
65,GMC,3500 Club Coupe,372-71-1362,"€52490,94"
66,Cadillac,Escalade EXT,343-68-2216,"€82674,93"
67,Audi,A4,581-62-1595,"€65552,90"
68,Dodge,Magnum,384-30-9917,"€23028,21"
69,Ford,Taurus,267-46-2191,"€48447,30"
70,Dodge,Ram 2500,129-36-1164,"€28206,04"
71,Chevrolet,S10,457-59-8732,"€92175,02"
72,Hyundai,Accent,785-69-9800,"€93879,95"
73,Chevrolet,Lumina APV,601-11-0284,"€62280,38"
74,Dodge,Ram 1500 Club,390-49-0161,"€58760,61"
75,Aston Martin,Vantage,452-75-1232,"€30909,91"
76,Pontiac,Grand Prix,645-14-2166,"€82945,27"
77,Scion,xD,886-73-1313,"€37112,59"
78,Honda,Civic,266-99-9965,"€47747,72"
79,Nissan,Titan,283-90-8005,"€77800,74"
80,Mercedes-Benz,G-Class,535-13-1311,"€57551,50"
81,Ford,Crown Victoria,213-08-5330,"€94038,63"
82,Ford,Expedition,243-65-3041,"€66935,70"
83,Lotus,Esprit Turbo,306-29-6984,"€45723,31"
84,Honda,Passport,626-03-0265,"€36972,51"
85,Saturn,L-Series,191-38-9817,"€65785,09"
86,Mazda,Protege5,524-41-8063,"€62081,34"
87,Mercedes-Benz,W201,851-73-4026,"€61285,47"
88,Acura,TL,149-08-5165,"€82476,26"
89,Dodge,Dakota,617-26-7927,"€81076,67"
90,Ford,Flex,522-35-5197,"€80725,32"
91,Daewoo,Leganza,466-71-5346,"€85105,21"
92,Suzuki,Esteem,543-20-9493,"€18025,08"
93,Ford,E-Series,149-70-9236,"€99666,49"
94,Toyota,Camry Solara,532-64-2483,"€14267,26"
95,GMC,Suburban 1500,250-57-8195,"€79580,90"
96,Volvo,S80,787-97-5858,"€19581,05"
97,Mercury,Sable,265-23-1576,"€37299,36"
98,Lincoln,Navigator,314-77-8219,"€90471,93"
99,Land Rover,Defender 90,826-28-7106,"€59729,83"
100,Dodge,Ram 2500 Club,779-14-1997,"€84266,49"
101,Hyundai,Tucson,186-42-0033,"€71056,84"
102,Honda,Civic,199-89-0356,"€57851,09"
103,Land Rover,Discovery,643-94-2524,"€14578,11"
104,Volvo,S80,645-25-4300,"€15246,87"
105,Ford,Econoline E350,699-98-7934,"€70471,50"
106,Austin,Mini Cooper,459-49-0773,"€15518,37"
107,Volkswagen,GTI,627-59-9372,"€65562,16"
108,Audi,RS 4,709-11-8958,"€32992,54"
109,Mercedes-Benz,300SE,165-70-0044,"€67672,45"
110,Nissan,240SX,669-81-5275,"€34940,66"
111,Audi,A5,218-73-0161,"€92512,52"
112,Porsche,911,702-46-3612,"€88654,80"
113,Chevrolet,3500,161-89-6377,"€20933,81"
114,Dodge,Ram 1500,534-68-8984,"€77253,50"
115,Ford,F250,679-63-4093,"€75425,01"
116,Ferrari,F430,332-98-4512,"€43246,92"
117,Mazda,626,549-09-2830,"€17920,74"
118,GMC,2500,579-27-7027,"€45814,08"
119,GMC,Sierra,590-20-2234,"€77971,44"
120,Mazda,Millenia,673-62-8459,"€29751,90"
121,Toyota,Corolla,144-74-9625,"€33681,42"
122,Honda,Pilot,726-60-9275,"€86828,44"
123,Audi,80,243-97-0713,"€61051,61"
124,Mercedes-Benz,E-Class,795-48-5048,"€51586,05"
125,Acura,Integra,121-39-2291,"€53980,56"
126,Mitsubishi,Diamante,788-27-8296,"€55227,28"
127,Chrysler,PT Cruiser,186-12-5374,"€44239,07"
128,GMC,Yukon XL 2500,434-94-7603,"€91442,89"
129,Jaguar,S-Type,380-95-1862,"€62591,75"
130,Oldsmobile,Cutlass,748-69-2825,"€67419,03"
131,Hummer,H2,801-37-0161,"€68186,50"
132,Infiniti,M,286-56-8720,"€97960,50"
133,MINI,Cooper Clubman,190-22-7882,"€92040,36"
134,Saab,9-5,536-40-3320,"€60766,01"
135,Cadillac,XLR,607-74-3780,"€30179,10"
136,Suzuki,Swift,143-96-7877,"€47769,39"
137,Lotus,Exige,801-19-1237,"€13898,44"
138,Volkswagen,Touareg,211-48-9744,"€37082,66"
139,Audi,A6,349-89-3281,"€19178,77"
140,Ford,Escort,304-22-8990,"€38471,71"
141,Toyota,Previa,110-01-8662,"€90414,52"
142,Chrysler,300,179-13-9763,"€53420,77"
143,Chrysler,300,395-69-9928,"€17331,26"
144,Daewoo,Nubira,463-52-2994,"€76820,57"
145,Nissan,Xterra,136-48-2667,"€78213,78"
146,Nissan,Quest,683-70-4157,"€90696,40"
147,GMC,Safari,202-77-5582,"€33881,01"
148,Pontiac,Grand Prix,211-36-7337,"€43699,63"
149,Kia,Forte,660-08-9875,"€17791,36"
150,Nissan,Altima,359-80-0265,"€62154,76"
151,Suzuki,Aerio,742-72-5240,"€70510,78"
152,Dodge,Ram 2500,563-36-5133,"€30453,41"
153,GMC,Vandura G1500,284-97-9094,"€10774,81"
154,Ram,3500,569-36-7368,"€89849,31"
155,Volkswagen,Corrado,455-85-4359,"€76001,07"
156,Mitsubishi,Excel,595-31-1638,"€98999,59"
157,GMC,Envoy XUV,853-90-8423,"€84092,31"
158,Pontiac,Grand Am,552-67-8170,"€43627,11"
159,Nissan,Sentra,760-64-6837,"€47702,30"
160,Toyota,Avalon,665-11-9371,"€78902,52"
161,Volkswagen,Corrado,382-71-6842,"€74992,47"
162,Audi,5000CS,871-53-8643,"€35072,23"
163,Dodge,Dakota Club,474-56-5443,"€64683,21"
164,Dodge,Avenger,534-22-8477,"€77596,42"
165,BMW,Z4,631-65-2136,"€82089,59"
166,Mazda,MPV,521-86-5963,"€90126,82"
167,Volvo,S40,646-68-9562,"€54773,96"
168,Audi,A6,831-67-6050,"€86685,35"
169,Maserati,430,828-05-7390,"€80761,10"
170,Land Rover,Discovery,247-19-7616,"€81183,93"
171,Jaguar,XJ Series,422-52-1905,"€88544,38"
172,Buick,Regal,630-65-4374,"€48532,69"
173,Chrysler,Crossfire,317-17-8050,"€35147,58"
174,Spyker,C8,353-38-5480,"€59788,12"
175,Honda,Accord,359-25-2582,"€88211,06"
176,Eagle,Summit,258-94-2363,"€38463,99"
177,Chevrolet,Monte Carlo,885-37-1583,"€75903,49"
178,Maybach,62,895-61-0990,"€10522,70"
179,Subaru,Loyale,535-87-9142,"€76115,44"
180,Toyota,Avalon,231-86-6782,"€11483,76"
181,BMW,M3,893-40-3208,"€98017,83"
182,GMC,Sierra 1500,328-09-2014,"€70776,80"
183,Volvo,850,167-27-8771,"€91609,47"
184,GMC,Yukon,460-76-1399,"€27891,41"
185,Ford,Ranger,863-30-4246,"€22299,40"
186,Audi,Cabriolet,893-71-5516,"€31899,08"
187,Chevrolet,3500,283-86-4814,"€62894,57"
188,Buick,Terraza,427-80-9522,"€76215,58"
189,Infiniti,G,468-28-6092,"€42890,21"
190,Audi,S5,784-81-5856,"€17623,31"
191,BMW,745,492-46-4358,"€76981,93"
192,GMC,Envoy,178-71-6028,"€44685,67"
193,Rolls-Royce,Ghost,893-56-1080,"€87483,42"
194,Lexus,SC,785-61-0178,"€59112,10"
195,Oldsmobile,88,112-74-3054,"€63053,46"
196,Porsche,Cayman,675-09-3438,"€16199,32"
197,Ford,Escort,201-04-8198,"€43948,93"
198,Mercedes-Benz,E-Class,675-52-4027,"€94321,24"
199,GMC,Safari,393-70-6712,"€21018,76"
200,Jeep,Patriot,276-72-5924,"€91926,11"
201,Mazda,Familia,414-98-3411,"€87588,38"
202,Suzuki,Swift,794-08-0947,"€98095,29"
203,Dodge,Ram,452-64-9467,"€95051,91"
204,Ford,GT,535-50-7096,"€26352,44"
205,Suzuki,Grand Vitara,683-61-6901,"€58601,60"
206,Ford,Escort,273-01-2596,"€74371,13"
207,GMC,Savana 2500,562-13-8903,"€79995,55"
208,GMC,Yukon XL 1500,522-86-2290,"€60129,01"
209,Mercury,Villager,861-60-8651,"€72662,30"
210,Mercedes-Benz,300CE,282-96-3812,"€22197,50"
211,Subaru,Forester,584-58-7407,"€49198,58"
212,GMC,Yukon XL 1500,558-04-0020,"€15621,93"
213,Volkswagen,Scirocco,324-60-3611,"€32402,53"
214,Pontiac,Sunbird,695-65-0795,"€67413,35"
215,Chevrolet,Corvette,518-84-8367,"€33770,33"
216,Toyota,Supra,136-24-0064,"€96401,22"
217,Mercedes-Benz,S-Class,422-22-3554,"€91902,04"
218,Volkswagen,CC,325-57-6737,"€45417,25"
219,Oldsmobile,Silhouette,636-41-1918,"€44216,87"
220,GMC,Canyon,514-87-2474,"€38981,68"
221,Mercury,Mountaineer,206-87-7024,"€69550,46"
222,Jeep,Grand Cherokee,284-81-3356,"€30880,05"
223,Dodge,Ram 3500 Club,883-85-9104,"€82265,52"
224,Acura,Legend,412-37-4466,"€75737,90"
225,Volkswagen,Passat,488-13-9328,"€80722,16"
226,Mercedes-Benz,E-Class,799-29-3314,"€49617,58"
227,Suzuki,SX4,747-58-0288,"€56617,60"
228,Toyota,Matrix,840-34-1674,"€77675,12"
229,Oldsmobile,Cutlass,887-87-9632,"€46131,10"
230,Aptera,Type-1h,542-03-5657,"€74356,26"
231,Kia,Spectra,122-22-4066,"€65000,99"
232,Mercedes-Benz,R-Class,829-93-1399,"€82084,65"
233,Mercedes-Benz,SL-Class,727-71-6896,"€10033,90"
234,Ford,Falcon,804-83-2154,"€75321,96"
235,Ford,Mustang,321-34-0503,"€76348,72"
236,Lexus,ES,104-28-1852,"€73214,31"
237,Buick,Century,594-75-9217,"€22400,90"
238,Maserati,Quattroporte,190-55-6161,"€54918,31"
239,Ford,Probe,712-89-8655,"€92723,79"
240,Dodge,Viper,201-24-2236,"€30175,52"
241,Maybach,57,240-98-0464,"€15277,40"
242,Toyota,Sienna,196-19-5366,"€46023,39"
243,Ford,Galaxie,825-96-2761,"€67809,25"
244,Porsche,Boxster,253-93-6995,"€91967,69"
245,Mazda,MX-6,113-92-6840,"€11459,92"
246,GMC,Canyon,104-44-8676,"€55687,81"
247,BMW,600,671-49-8919,"€28664,05"
248,Toyota,Tacoma,238-84-0810,"€33097,24"
249,Mitsubishi,Precis,767-29-7514,"€81946,68"
250,Cadillac,CTS-V,602-06-2284,"€92284,92"
251,Kia,Forte,887-45-5887,"€42295,14"
252,Land Rover,Freelander,476-40-7989,"€87496,44"
253,Lincoln,MKX,443-09-6332,"€39915,29"
254,Volvo,C30,278-83-4594,"€86975,51"
255,Aston Martin,V12 Vantage,826-98-4774,"€52259,65"
256,Chevrolet,Silverado 2500,135-17-9882,"€34243,58"
257,Saturn,S-Series,390-58-6468,"€80866,68"
258,Oldsmobile,Cutlass Supreme,893-04-3659,"€73563,16"
259,Kia,Optima,289-92-2061,"€36057,04"
260,Volkswagen,Jetta,481-71-2174,"€50510,93"
261,Dodge,Ram Van 1500,295-20-2101,"€28625,10"
262,Mercury,Sable,623-07-9532,"€20102,91"
263,Toyota,RAV4,706-63-2975,"€80341,45"
264,Audi,A6,814-13-9892,"€91892,23"
265,Subaru,Legacy,314-94-5925,"€80671,31"
266,Chevrolet,2500,854-89-0717,"€28255,63"
267,Subaru,BRZ,776-26-9034,"€83286,44"
268,Volvo,S80,307-70-8365,"€50547,47"
269,GMC,Suburban 2500,306-53-3683,"€82443,20"
270,Nissan,Versa,533-05-2696,"€40376,14"
271,Pontiac,Grand Prix,189-03-2171,"€52897,18"
272,Ford,Taurus,423-33-9887,"€27939,93"
273,Ram,1500,492-59-9651,"€18136,70"
274,Mazda,RX-7,330-03-3052,"€29943,90"
275,Cadillac,CTS,411-63-6685,"€83631,48"
276,GMC,Sierra 1500,402-30-5594,"€44555,09"
277,Aptera,Typ-1,336-70-6299,"€25990,99"
278,Honda,Ridgeline,166-84-0767,"€45152,34"
279,Lexus,ES,566-83-3273,"€35612,44"
280,Ford,Thunderbird,796-18-4664,"€68155,12"
281,Volkswagen,Jetta,181-48-3483,"€92012,78"
282,Ford,Thunderbird,606-99-3781,"€76374,99"
283,Subaru,Legacy,886-90-4557,"€53712,16"
284,Hummer,H2,811-03-9103,"€20085,90"
285,Ford,Contour,118-08-3436,"€73158,29"
286,Suzuki,SX4,331-22-9119,"€59970,81"
287,Audi,A4,854-91-1306,"€34308,59"
288,Cadillac,Catera,146-81-6458,"€34924,49"
289,Lexus,ES,608-50-8496,"€11797,83"
290,Oldsmobile,Cutlass Cruiser,348-27-1275,"€24739,06"
291,Lexus,RX,795-16-1526,"€25988,11"
292,Mazda,Protege,115-40-9847,"€72307,39"
293,GMC,Sierra 3500,203-32-7899,"€83972,22"
294,Toyota,Tacoma Xtra,603-50-0140,"€84160,40"
295,Volkswagen,Fox,177-38-3212,"€89845,51"
296,Mercury,Topaz,165-64-4313,"€91220,32"
297,Cadillac,Fleetwood,259-71-5804,"€67488,74"
298,Ford,E150,591-70-4267,"€29522,64"
299,Mitsubishi,Galant,345-90-2139,"€98588,54"
300,Subaru,Impreza,638-24-0510,"€56490,17"
301,Mercury,Topaz,889-05-3422,"€45225,71"
302,BMW,X5,636-30-4279,"€32088,26"
303,Mercedes-Benz,300E,308-93-2700,"€15201,04"
304,Eagle,Premier,187-78-1241,"€53726,09"
305,Nissan,350Z,765-31-7616,"€53752,88"
306,Cadillac,Catera,703-13-3255,"€47132,61"
307,Porsche,Cayman,850-50-0315,"€96738,70"
308,Mitsubishi,Mighty Max,314-75-4681,"€80413,34"
309,Acura,TL,739-49-3571,"€21447,43"
310,Mercury,Capri,753-23-9098,"€31908,64"
311,Nissan,Maxima,648-28-8577,"€41182,02"
312,Audi,TT,494-04-3063,"€62989,29"
313,Kia,Amanti,480-06-3598,"€82069,11"
314,Toyota,Land Cruiser,617-49-8331,"€50863,57"
315,Volkswagen,Eurovan,556-95-3235,"€98729,55"
316,Dodge,Ram 1500 Club,147-03-6797,"€74861,69"
317,BMW,7 Series,496-34-9961,"€80772,47"
318,Toyota,Highlander,658-01-9758,"€35427,14"
319,Infiniti,Q,453-13-0221,"€74018,90"
320,Dodge,Caravan,594-94-3452,"€76730,36"
321,Ford,Fusion,733-25-9934,"€49210,39"
322,Ford,E-350 Super Duty,471-66-5523,"€11241,03"
323,Ford,Thunderbird,317-97-3346,"€44645,23"
324,Pontiac,Grand Prix,297-13-6830,"€64180,23"
325,Mitsubishi,Chariot,484-95-7908,"€80876,70"
326,Lexus,RX,673-64-8978,"€23326,30"
327,Ford,Econoline E150,625-97-5346,"€90724,54"
328,Pontiac,G3,149-82-0797,"€62035,65"
329,GMC,2500 Club Coupe,755-22-1807,"€33182,89"
330,Jeep,Wrangler,612-93-4184,"€36481,45"
331,Nissan,Frontier,741-15-2440,"€47138,57"
332,Ford,Mustang,476-90-1898,"€52852,19"
333,Ford,Contour,828-89-6643,"€66721,85"
334,Ford,F-Series Super Duty,710-41-1106,"€35372,78"
335,Lotus,Exige,502-29-0174,"€47485,99"
336,Buick,Regal,685-14-9792,"€42767,10"
337,Volkswagen,Jetta,541-06-0621,"€20674,93"
338,Porsche,944,208-40-1921,"€41290,22"
339,Audi,S5,455-72-5802,"€44472,46"
340,Cadillac,STS,829-50-0514,"€40004,48"
341,Chevrolet,Silverado 1500,804-84-5332,"€98602,01"
342,Buick,Coachbuilder,204-47-8383,"€27484,71"
343,Audi,RS4,863-46-7900,"€24572,93"
344,Cadillac,Escalade,152-58-1625,"€42014,64"
345,Cadillac,CTS,451-80-6756,"€47128,65"
346,Buick,Terraza,429-69-7932,"€81030,84"
347,Mercury,Mystique,350-59-0550,"€22568,02"
348,Mazda,B2500,791-54-2235,"€25702,24"
349,Plymouth,Laser,405-50-6826,"€60074,52"
350,Dodge,Ram 2500,424-93-1448,"€66579,83"
351,Mercury,Milan,311-04-5495,"€18871,10"
352,Daewoo,Nubira,596-04-7813,"€25483,39"
353,Oldsmobile,Intrigue,506-27-7074,"€93063,78"
354,Lexus,IS,691-59-0650,"€58357,52"
355,Chevrolet,Corvette,283-06-3448,"€18829,91"
356,Toyota,Sequoia,209-82-8665,"€98929,27"
357,GMC,Safari,411-93-5973,"€30539,28"
358,Jeep,Compass,174-60-0101,"€53468,46"
359,Toyota,TundraMax,799-71-6990,"€60975,69"
360,Honda,Pilot,506-73-5099,"€11983,42"
361,Chevrolet,Tahoe,637-73-2958,"€65227,70"
362,Volkswagen,Golf,481-90-6618,"€50658,29"
363,GMC,Yukon XL 2500,142-45-9559,"€84067,54"
364,Dodge,D250,300-68-3552,"€26680,16"
365,Chevrolet,Express 2500,753-37-8500,"€58687,91"
366,Mitsubishi,Montero,642-33-3151,"€35890,51"
367,Dodge,Neon,514-02-7140,"€16687,97"
368,Dodge,Ram Van 2500,555-59-2284,"€16870,26"
369,Ford,Aerostar,676-22-6139,"€44677,30"
370,Dodge,Viper RT/10,363-85-2351,"€14298,00"
371,Nissan,Quest,280-23-1211,"€40245,84"
372,Lexus,GX,563-55-8010,"€31060,60"
373,Ford,Econoline E350,804-37-7215,"€49298,43"
374,Oldsmobile,Intrigue,662-72-9206,"€75013,55"
375,Cadillac,STS-V,116-03-5592,"€66202,01"
376,Toyota,Celica,547-50-7793,"€78958,86"
377,Chevrolet,Avalanche 2500,193-87-4920,"€20366,61"
378,Pontiac,Sunbird,138-55-5737,"€20350,37"
379,Toyota,Celica,280-35-7810,"€91083,14"
380,GMC,Sierra 2500,833-87-3867,"€84032,45"
381,Chevrolet,Cobalt SS,590-97-9102,"€78024,94"
382,Mercury,Grand Marquis,432-16-6831,"€26386,66"
383,Pontiac,G6,348-66-8790,"€78404,07"
384,Ford,E250,291-06-8712,"€19754,99"
385,Pontiac,Firebird,103-44-7413,"€35089,23"
386,Maybach,62,682-11-2171,"€61320,79"
387,Chevrolet,Silverado,355-28-0217,"€71941,86"
388,Plymouth,Laser,539-13-7144,"€56493,74"
389,Lamborghini,Countach,822-07-0895,"€72142,73"
390,Ford,Econoline E150,294-61-4224,"€46873,78"
391,Ford,Bronco,193-33-8386,"€44588,91"
392,Chevrolet,Tracker,366-64-3384,"€78136,17"
393,Toyota,Xtra,618-71-6168,"€22618,99"
394,Mercedes-Benz,300CE,336-60-6844,"€66090,75"
395,Ford,Mustang,360-87-9116,"€54907,67"
396,Pontiac,Torrent,775-17-7259,"€17264,82"
397,Mitsubishi,Diamante,370-53-0352,"€64646,31"
398,Suzuki,SJ 410,370-20-2728,"€63447,03"
399,Ford,Focus,698-35-9127,"€60336,35"
400,Nissan,Sentra,730-69-9011,"€69394,11"
401,Honda,Odyssey,397-01-6530,"€87974,07"
402,Oldsmobile,Aurora,757-52-6690,"€43329,53"
403,Ford,Crown Victoria,680-70-7375,"€12334,12"
404,Audi,A8,749-26-5970,"€41050,59"
405,Mercury,Cougar,374-12-5243,"€83342,53"
406,Eagle,Summit,574-40-7918,"€93037,32"
407,Dodge,Stratus,161-01-7357,"€53824,64"
408,Lincoln,MKS,149-83-9946,"€60289,19"
409,Volvo,C30,668-83-3983,"€86423,06"
410,Mercedes-Benz,M-Class,502-93-5486,"€34583,78"
411,Mercury,Sable,726-14-3660,"€42786,75"
412,Dodge,Ram 1500,776-87-3292,"€40923,82"
413,Nissan,Maxima,769-23-9300,"€11805,86"
414,Audi,A4,759-67-4542,"€95660,85"
415,Toyota,RAV4,216-42-4211,"€24133,01"
416,Lamborghini,Reventón,821-40-0875,"€33289,37"
417,Mitsubishi,Challenger,364-94-1708,"€50791,77"
418,Dodge,Ram 2500,485-22-3073,"€42404,23"
419,GMC,Sonoma Club Coupe,572-28-8250,"€10145,11"
420,Chrysler,Concorde,419-88-2318,"€83650,69"
421,GMC,Savana,365-68-4153,"€97984,69"
422,Pontiac,Bonneville,633-70-1582,"€38454,19"
423,Kia,Sorento,385-12-9148,"€90737,28"
424,Chevrolet,Suburban 2500,354-51-2495,"€88496,82"
425,Oldsmobile,Silhouette,139-45-2325,"€23402,89"
426,Volkswagen,Jetta,187-38-2863,"€28188,22"
427,Scion,tC,735-88-6542,"€43999,95"
428,Toyota,Highlander,476-89-6602,"€44758,87"
429,Kia,Rondo,560-27-7088,"€43986,96"
430,Mazda,Miata MX-5,719-51-4409,"€93705,65"
431,Toyota,Tercel,473-18-6006,"€88701,65"
432,Mitsubishi,Montero,463-11-9109,"€21976,80"
433,Suzuki,Samurai,709-37-4077,"€64142,56"
434,Audi,Q5,633-62-6489,"€51542,95"
435,Buick,Electra,583-55-0888,"€57804,66"
436,Mazda,MPV,264-98-6004,"€88120,69"
437,Dodge,Dakota Club,362-12-4655,"€18105,37"
438,Lincoln,Mark VIII,557-41-5340,"€85031,31"
439,Pontiac,Grand Prix,369-27-0913,"€44801,61"
440,Jaguar,XJ Series,427-41-9796,"€92992,42"
441,Hyundai,Sonata,536-93-6581,"€44958,13"
442,Mercedes-Benz,R-Class,634-62-5141,"€15973,77"
443,Volkswagen,Eos,837-25-3217,"€90738,99"
444,Lincoln,MKZ,361-54-8732,"€22203,37"
445,Chevrolet,Silverado 1500,664-98-0489,"€18014,70"
446,Lexus,GX,513-96-2470,"€59672,78"
447,Kia,Rondo,224-04-7225,"€94386,66"
448,Jeep,Grand Cherokee,882-59-3263,"€42617,42"
449,Chrysler,Voyager,495-40-0854,"€32866,93"
450,Hyundai,Tucson,438-18-9074,"€21303,59"
451,Lexus,GX,204-54-3903,"€46348,01"
452,Acura,TL,611-98-2925,"€23250,53"
453,Chrysler,LHS,322-46-2171,"€56548,46"
454,Dodge,Ram Van B250,310-77-2793,"€48421,25"
455,Nissan,Maxima,218-64-7974,"€75290,65"
456,Suzuki,XL-7,379-85-1291,"€56314,48"
457,Mercedes-Benz,E-Class,830-65-5557,"€81892,97"
458,Mazda,B2600,770-92-7400,"€10621,40"
459,Isuzu,Oasis,180-57-0354,"€85444,56"
460,Saturn,L-Series,145-39-3721,"€59011,38"
461,Volvo,C70,440-08-8249,"€68252,98"
462,Suzuki,Cultus,464-60-5428,"€84018,48"
463,Ford,E-Series,259-55-1607,"€23040,91"
464,GMC,Yukon XL 2500,756-49-0603,"€10426,79"
465,Aston Martin,DB9,511-67-8383,"€62059,85"
466,Chevrolet,Cobalt,220-62-5167,"€50488,06"
467,Chrysler,Town & Country,342-50-3152,"€10283,81"
468,Cadillac,XLR,171-46-5404,"€72251,38"
469,Audi,90,540-81-5368,"€98254,60"
470,Subaru,Tribeca,518-66-3431,"€89618,46"
471,Dodge,Caravan,587-64-2185,"€68242,41"
472,Chevrolet,Metro,847-98-0188,"€96146,65"
473,Chevrolet,HHR,327-14-4294,"€52407,68"
474,BMW,M,408-30-2276,"€28546,95"
475,Chevrolet,Blazer,480-84-6024,"€51044,71"
476,Land Rover,Discovery,269-52-2833,"€51452,93"
477,Mitsubishi,Lancer,707-52-0139,"€95372,68"
478,Dodge,Durango,232-71-6667,"€38674,62"
479,Volvo,S80,396-89-1889,"€66952,42"
480,Dodge,Stratus,534-95-2346,"€66417,52"
481,Scion,tC,333-27-3071,"€64367,71"
482,Honda,Civic,171-02-4934,"€36869,42"
483,Chevrolet,Suburban 2500,317-07-7432,"€19676,85"
484,Mazda,MX-6,314-59-9705,"€95149,74"
485,Buick,LeSabre,107-75-0831,"€27576,51"
486,Suzuki,Grand Vitara,588-36-7820,"€52379,34"
487,Dodge,Journey,374-89-2215,"€53661,73"
488,Infiniti,G,552-47-5504,"€32639,24"
489,GMC,3500 Club Coupe,391-28-6679,"€46660,97"
490,Porsche,911,179-52-2567,"€48487,95"
491,Mitsubishi,Mirage,487-07-5587,"€85647,38"
492,Dodge,Omni,746-48-6102,"€12648,25"
493,Volkswagen,CC,741-80-8106,"€16242,51"
494,Lincoln,Aviator,523-03-9720,"€66162,37"
495,Chrysler,Town & Country,442-69-7006,"€14583,33"
496,Pontiac,Bonneville,331-07-7844,"€80456,72"
497,Chevrolet,Monza,119-02-6763,"€27630,51"
498,Dodge,Dakota Club,696-35-5831,"€10637,68"
499,Honda,Accord,522-06-1892,"€14175,27"
500,Dodge,Ram Van 1500,248-38-9666,"€65955,67"
501,Dodge,Caravan,677-64-1477,"€96825,27"
502,Mazda,Miata MX-5,867-16-5727,"€83429,25"
503,BMW,M3,487-09-4826,"€80481,71"
504,Maybach,Landaulet,483-08-1670,"€75194,94"
505,Toyota,Camry,173-27-5253,"€71403,72"
506,Jaguar,XJ Series,599-95-9273,"€94408,56"
507,Toyota,Sequoia,723-56-6007,"€87171,77"
508,Pontiac,Montana,263-31-6745,"€67215,18"
509,Ford,Fiesta,640-21-2872,"€17712,64"
510,Volkswagen,Golf,531-53-4858,"€42408,03"
511,Chevrolet,Silverado,545-20-6968,"€42494,18"
512,Audi,4000s Quattro,597-02-9900,"€43735,92"
513,GMC,Envoy,706-28-7574,"€48708,21"
514,GMC,Rally Wagon 1500,392-32-8772,"€29687,31"
515,Toyota,Land Cruiser,780-22-1107,"€68290,87"
516,Shelby,GT350,568-79-5339,"€31647,75"
517,Lexus,SC,752-03-9157,"€82165,27"
518,Cadillac,DeVille,237-15-7094,"€56749,57"
519,Mazda,B-Series,781-96-0114,"€95722,77"
520,Mercedes-Benz,SL-Class,317-76-5938,"€34214,26"
521,Land Rover,Defender 110,209-53-6364,"€91564,84"
522,Ford,Thunderbird,156-34-6235,"€57834,81"
523,Chevrolet,Malibu,394-92-3016,"€59283,61"
524,Mazda,626,435-65-1871,"€65185,85"
525,Cadillac,Fleetwood,866-35-9666,"€24424,11"
526,Dodge,Magnum,636-93-3600,"€45113,26"
527,Toyota,Camry,115-71-6385,"€32348,35"
528,Lamborghini,Diablo,236-71-2882,"€42625,22"
529,Chevrolet,Silverado 2500,325-03-4288,"€38415,78"
530,Chevrolet,S10,392-36-2388,"€79009,14"
531,Lincoln,Town Car,246-61-4300,"€44418,78"
532,Nissan,Altima,567-45-2053,"€95178,62"
533,Dodge,Intrepid,765-18-6334,"€86453,97"
534,Plymouth,Sundance,546-19-5741,"€63395,45"
535,Chevrolet,Suburban 2500,585-92-4106,"€38755,02"
536,Plymouth,Colt,700-19-2095,"€38096,05"
537,Audi,TT,476-67-4247,"€54478,40"
538,Ford,Lightning,183-61-9048,"€72558,30"
539,Porsche,Cayenne,238-98-4901,"€49407,04"
540,Chevrolet,Blazer,782-19-2392,"€80779,54"
541,Dodge,D350 Club,442-20-8944,"€77848,83"
542,Subaru,Justy,133-45-9761,"€12420,20"
543,Hyundai,Sonata,866-94-0178,"€36356,16"
544,Chevrolet,Silverado 1500,893-71-6839,"€22707,41"
545,Ford,Mustang,280-44-7905,"€75740,82"
546,Mitsubishi,3000GT,341-97-2693,"€73102,40"
547,Audi,80,490-72-9710,"€35593,88"
548,GMC,Suburban 1500,871-58-6309,"€63959,54"
549,Pontiac,G6,642-50-1731,"€52783,15"
550,Mitsubishi,Truck,313-80-9282,"€82648,39"
551,Suzuki,Grand Vitara,862-75-2063,"€53728,69"
552,Kia,Rio,330-90-9871,"€89300,10"
553,Cadillac,Seville,864-02-0750,"€62935,21"
554,Chevrolet,Venture,617-74-5792,"€80746,04"
555,Hyundai,Tucson,200-55-6802,"€73886,66"
556,Ford,Expedition,557-53-8847,"€35396,49"
557,Mazda,B-Series Plus,356-05-9549,"€78978,07"
558,Mitsubishi,Galant,294-60-8770,"€22759,09"
559,Honda,S2000,289-72-3258,"€27901,29"
560,Chevrolet,Corvette,233-11-6412,"€63856,14"
561,Buick,Century,276-11-7766,"€82196,47"
562,Pontiac,Grand Am,441-27-0598,"€68801,18"
563,Cadillac,DTS,701-16-6387,"€13393,69"
564,Mazda,Mazda5,479-32-2555,"€67389,28"
565,Ford,Probe,271-51-1946,"€93651,79"
566,Pontiac,Aztek,521-61-6884,"€75146,05"
567,Aston Martin,Virage,327-58-2621,"€86269,62"
568,Acura,TL,309-76-0038,"€25136,71"
569,Chevrolet,Blazer,318-70-3333,"€15910,36"
570,Porsche,928,765-79-2594,"€96632,60"
571,Dodge,Caravan,828-72-7332,"€92574,14"
572,Saab,9-3,359-82-9905,"€17977,44"
573,Rolls-Royce,Phantom,433-09-1431,"€38159,79"
574,Pontiac,Grand Prix,392-41-8951,"€86916,13"
575,Mercury,Mountaineer,721-94-4531,"€96663,46"
576,Suzuki,SX4,546-25-1255,"€16357,34"
577,Maserati,Quattroporte,678-33-5013,"€40829,02"
578,Audi,A3,456-34-6527,"€38961,73"
579,Suzuki,Grand Vitara,361-50-6409,"€26237,09"
580,Buick,Electra,387-76-8321,"€24998,34"
581,BMW,X3,889-39-8914,"€90363,27"
582,Mercedes-Benz,E-Class,680-91-4701,"€55856,98"
583,Honda,Civic,324-53-0679,"€45681,76"
584,Oldsmobile,Silhouette,222-85-7431,"€89593,21"
585,GMC,Savana,151-71-8981,"€33704,91"
586,BMW,M3,355-40-4272,"€17669,61"
587,Lamborghini,Gallardo,411-74-7429,"€39521,97"
588,Buick,Century,398-52-6410,"€11322,09"
589,Nissan,Titan,343-46-3570,"€50343,50"
590,Pontiac,6000,331-81-8685,"€45508,93"
591,Chevrolet,Metro,159-14-0803,"€22320,01"
592,Jeep,Patriot,815-51-8647,"€67929,45"
593,Saab,9-5,138-40-0886,"€15264,07"
594,Mercury,Tracer,824-54-2084,"€68081,72"
595,Mitsubishi,Galant,453-16-7372,"€71887,08"
596,Suzuki,XL-7,890-85-2923,"€58024,49"
597,Volkswagen,New Beetle,448-17-3450,"€11211,87"
598,Acura,RL,153-13-2939,"€28706,40"
599,Ford,Festiva,569-89-5551,"€17535,16"
600,Chrysler,Aspen,710-34-6367,"€48656,22"
601,Chevrolet,Sportvan G30,118-84-1349,"€91572,69"
602,Eagle,Talon,121-93-4869,"€30934,52"
603,Audi,S4,278-08-0757,"€68211,20"
604,Lexus,GS,716-86-8187,"€39644,53"
605,Infiniti,J,239-22-9613,"€79635,48"
606,Suzuki,Forenza,537-06-3134,"€12271,56"
607,Mercedes-Benz,M-Class,708-47-8233,"€20584,35"
608,Ford,Thunderbird,425-25-7214,"€55702,99"
609,Ford,Expedition EL,316-87-8517,"€97521,80"
610,Pontiac,Bonneville,574-33-6519,"€99835,02"
611,Mitsubishi,Pajero,194-91-8567,"€45840,56"
612,Subaru,Forester,116-26-9619,"€18761,29"
613,Toyota,Sienna,714-64-1024,"€42066,47"
614,Dodge,Journey,657-64-6604,"€93214,43"
615,Cadillac,Seville,207-59-8200,"€10132,38"
616,Mazda,626,490-63-3951,"€27304,37"
617,Chevrolet,Corvette,522-37-0672,"€62213,19"
618,BMW,Z8,167-44-7605,"€59327,72"
619,GMC,Savana 1500,652-91-9969,"€57681,95"
620,Toyota,Tacoma,196-88-9711,"€64047,47"
621,Hyundai,Sonata,716-14-6814,"€19450,92"
622,Chevrolet,Monte Carlo,528-05-5677,"€90669,69"
623,Pontiac,Grand Prix,635-67-1644,"€74538,72"
624,Kia,Rio,885-66-0235,"€20887,29"
625,Mitsubishi,Challenger,231-56-7516,"€68099,22"
626,Ford,Escort,398-99-6120,"€90602,52"
627,Chrysler,200,341-08-5476,"€28547,05"
628,Audi,Q7,268-86-4254,"€82768,60"
629,Cadillac,Escalade EXT,346-18-4447,"€63115,87"
630,Kia,Rio,597-87-4719,"€17147,04"
631,Subaru,Impreza,333-92-1909,"€76437,94"
632,Cadillac,Catera,181-24-5507,"€27364,14"
633,Lexus,RX Hybrid,868-01-0896,"€45928,14"
634,Dodge,Dynasty,303-59-9554,"€52833,89"
635,Mercedes-Benz,R-Class,311-30-9553,"€30025,48"
636,Pontiac,Sunbird,398-88-8255,"€79684,75"
637,Volvo,XC90,317-60-7977,"€83363,80"
638,Ford,Ranger,128-01-2969,"€99019,72"
639,Maserati,GranSport,641-52-8228,"€39461,04"
640,Pontiac,Sunfire,699-74-0556,"€29610,89"
641,Acura,Integra,865-65-9324,"€90411,38"
642,Audi,A8,211-57-6913,"€37092,12"
643,Oldsmobile,LSS,604-25-1174,"€76021,12"
644,Chevrolet,Impala,585-93-3005,"€55067,53"
645,Toyota,Land Cruiser,394-51-3842,"€95475,73"
646,Toyota,TundraMax,461-09-6771,"€75866,30"
647,Dodge,Ram 1500,101-19-2387,"€68109,31"
648,Lexus,SC,654-50-3338,"€60582,06"
649,Scion,xB,211-80-5364,"€15369,60"
650,Suzuki,SX4,413-80-4403,"€66998,51"
651,Ford,E-Series,860-94-6477,"€28401,66"
652,Scion,xD,311-50-5626,"€91308,56"
653,Chevrolet,1500,142-73-8380,"€25886,96"
654,Mitsubishi,Expo LRV,440-44-8748,"€99201,37"
655,BMW,525,579-39-9486,"€97748,31"
656,Nissan,Pathfinder,228-03-8892,"€68774,16"
657,Suzuki,XL-7,631-47-7879,"€43207,39"
658,Lexus,GS,200-11-8644,"€79512,86"
659,Chevrolet,Sportvan G30,192-81-4554,"€97233,53"
660,Jeep,Wrangler,155-60-2467,"€84894,94"
661,Dodge,Intrepid,832-65-6176,"€24795,93"
662,Pontiac,Trans Sport,648-12-1559,"€46538,58"
663,Cadillac,CTS,711-51-1141,"€21722,87"
664,Audi,5000S,715-67-6720,"€42006,72"
665,Lotus,Esprit,659-59-0718,"€99795,62"
666,Ford,Crown Victoria,384-06-9006,"€59444,15"
667,Ford,Bronco,429-92-3005,"€10132,64"
668,Mitsubishi,Eclipse,589-93-9800,"€75348,60"
669,Maybach,62,330-77-0185,"€22306,91"
670,Volkswagen,Jetta,501-17-9856,"€51835,16"
671,Audi,A5,769-49-0429,"€55942,69"
672,Bentley,Continental Super,294-51-3620,"€28322,60"
673,Chevrolet,Caprice,835-58-3923,"€43808,75"
674,Toyota,RAV4,522-10-9093,"€76338,04"
675,Audi,A6,420-64-8430,"€73882,82"
676,Kia,Sportage,292-02-0961,"€66436,07"
677,Pontiac,Grand Prix,889-45-5692,"€24392,02"
678,Chevrolet,Avalanche,579-84-6165,"€62864,34"
679,Nissan,Rogue,124-53-9979,"€81784,04"
680,Oldsmobile,Regency,852-48-1236,"€37135,88"
681,Oldsmobile,Intrigue,706-16-6155,"€89644,98"
682,Lexus,SC,195-20-1310,"€18467,68"
683,Porsche,914,631-69-8814,"€67738,09"
684,Lincoln,Navigator,632-59-4135,"€41731,98"
685,Scion,tC,246-80-6668,"€51370,90"
686,Pontiac,Grand Prix,522-94-5897,"€99765,14"
687,Mazda,MX-5,125-87-3504,"€65551,06"
688,Pontiac,LeMans,634-19-4455,"€95029,67"
689,Chrysler,New Yorker,210-05-3026,"€91301,16"
690,Mitsubishi,Eclipse,198-70-4516,"€98674,47"
691,Jeep,Grand Cherokee,275-61-2497,"€72925,42"
692,Audi,A4,781-27-4121,"€62115,91"
693,Toyota,Camry,888-16-7701,"€42495,79"
694,Kia,Sportage,386-44-5044,"€83953,42"
695,BMW,Z4,482-80-7996,"€92921,45"
696,Ford,Contour,876-89-5069,"€34272,38"
697,Mitsubishi,Lancer Evolution,833-46-7940,"€93902,26"
698,Chevrolet,Tahoe,568-12-6612,"€64084,49"
699,Chevrolet,Lumina,594-20-0502,"€71667,17"
700,BMW,X5,622-86-2564,"€95500,43"
701,Chevrolet,Express 2500,479-64-5550,"€97717,73"
702,Infiniti,G35,675-54-1599,"€42384,37"
703,Nissan,Altima,852-42-4011,"€61203,69"
704,GMC,Safari,299-50-6029,"€75515,02"
705,Pontiac,Grand Prix,126-58-7018,"€25931,52"
706,Mercedes-Benz,GLK-Class,273-19-7589,"€84563,11"
707,Dodge,Dakota,379-85-9106,"€32494,59"
708,Volvo,940,103-49-3865,"€41441,88"
709,Chevrolet,Cavalier,815-75-1644,"€69703,78"
710,Mercedes-Benz,S-Class,484-56-9667,"€38876,61"
711,Dodge,Stratus,181-88-9404,"€21437,25"
712,Acura,RDX,327-89-7241,"€38772,66"
713,Audi,Q5,257-59-7418,"€20248,36"
714,Suzuki,XL7,144-73-2734,"€79289,27"
715,Buick,Electra,231-42-3027,"€72825,39"
716,Mazda,B-Series Plus,539-02-6915,"€65356,38"
717,Hummer,H1,249-23-7617,"€68387,65"
718,Nissan,Cube,679-36-9092,"€23281,92"
719,Mitsubishi,Mirage,267-33-9881,"€69815,99"
720,Saturn,S-Series,681-49-4492,"€95106,31"
721,Chevrolet,Prizm,636-88-7481,"€73845,49"
722,Lincoln,Continental,456-35-7689,"€86358,46"
723,Dodge,Durango,742-85-5416,"€18833,34"
724,Ford,Mustang,285-50-9907,"€11371,55"
725,Ford,Thunderbird,261-85-4046,"€80450,25"
726,Chevrolet,Sportvan G30,385-11-9745,"€17671,03"
727,Saab,900,336-37-8686,"€91205,13"
728,Ferrari,FF,898-84-9975,"€48573,30"
729,Ford,F250,123-22-5881,"€42859,00"
730,Toyota,Echo,569-15-6226,"€31157,26"
731,Mercedes-Benz,SL-Class,186-61-2825,"€46604,78"
732,Lexus,CT,255-92-0702,"€98934,96"
733,Infiniti,G,568-70-5084,"€52584,48"
734,Dodge,Grand Caravan,831-39-1749,"€31312,32"
735,Mitsubishi,Challenger,729-99-6068,"€70828,76"
736,Mitsubishi,Mighty Max,359-15-4130,"€94469,64"
737,Volkswagen,Golf,266-75-8587,"€78142,19"
738,Cadillac,Escalade,743-84-0561,"€59070,81"
739,Lincoln,LS,312-85-7984,"€13098,83"
740,Hyundai,Sonata,277-79-0701,"€43639,09"
741,Mercury,Grand Marquis,732-61-3709,"€37563,99"
742,Cadillac,Eldorado,324-32-6320,"€60933,24"
743,Dodge,D350,369-63-3805,"€93903,38"
744,Mercedes-Benz,S-Class,535-94-5337,"€90230,15"
745,GMC,Sierra,773-84-0263,"€23930,18"
746,Dodge,Dakota Club,272-43-7158,"€90119,44"
747,Toyota,Cressida,208-61-0254,"€84222,91"
748,Mazda,MPV,692-72-0166,"€52900,16"
749,Dodge,D150 Club,162-72-3973,"€47076,84"
750,Ford,Ranger,486-48-1448,"€32643,27"
751,Acura,SLX,164-91-5667,"€67423,88"
752,Ford,Expedition,240-91-3998,"€87416,54"
753,Ford,Club Wagon,290-69-5433,"€45981,61"
754,Chevrolet,Metro,149-21-1054,"€73342,37"
755,Kia,Sportage,686-96-2483,"€17827,88"
756,Volvo,V40,106-97-1416,"€43303,93"
757,Ford,F250,501-65-0743,"€78418,83"
758,Audi,A8,813-30-9361,"€56034,09"
759,Toyota,Supra,878-85-3513,"€52070,73"
760,Infiniti,Q,464-71-6539,"€57912,70"
761,Chevrolet,Silverado Hybrid,855-73-3274,"€33470,82"
762,Eagle,Summit,314-15-4208,"€45405,11"
763,Mercury,Cougar,205-54-7464,"€58863,59"
764,Bentley,Continental GT,667-59-8718,"€19694,56"
765,Volvo,S80,672-57-9990,"€71955,61"
766,Mazda,B-Series,405-83-5876,"€68491,60"
767,Lexus,RX,284-62-8103,"€29069,11"
768,Porsche,944,801-05-0338,"€31964,25"
769,Lincoln,Town Car,157-36-3741,"€69178,84"
770,Pontiac,Bonneville,794-85-3867,"€14686,55"
771,GMC,Sierra 3500,874-97-6963,"€62843,73"
772,Acura,Integra,790-98-7802,"€19190,65"
773,Honda,Civic,413-89-6521,"€64223,30"
774,GMC,Sierra 1500,557-89-5959,"€47931,38"
775,Volkswagen,Eurovan,207-88-8554,"€47979,10"
776,Toyota,Land Cruiser,581-21-3182,"€55345,47"
777,Mazda,Tribute,870-05-6810,"€18370,49"
778,Chrysler,LHS,420-94-4423,"€82812,51"
779,Plymouth,Horizon,171-10-9831,"€71549,79"
780,Chevrolet,Aveo,500-52-4571,"€94306,84"
781,Ford,F-Series Super Duty,480-17-1713,"€25834,02"
782,Isuzu,Space,840-39-3129,"€26737,01"
783,Mitsubishi,Outlander,681-93-0874,"€48915,94"
784,Pontiac,Bonneville,831-52-7919,"€19611,76"
785,Buick,Riviera,310-40-5001,"€13482,78"
786,BMW,Z4 M,580-81-3201,"€67779,28"
787,Infiniti,I,321-73-4959,"€58713,82"
788,BMW,3 Series,278-40-7196,"€16214,41"
789,Ford,Expedition EL,697-05-6865,"€52072,97"
790,Suzuki,Verona,438-68-9457,"€46946,66"
791,Chevrolet,Cruze,647-14-9880,"€29210,43"
792,Mazda,RX-7,720-98-7673,"€20595,48"
793,Volvo,C70,377-14-4774,"€97927,05"
794,Chevrolet,Camaro,497-64-3690,"€13207,07"
795,Infiniti,QX,642-61-3863,"€52454,20"
796,Mercedes-Benz,S-Class,355-01-1925,"€74113,70"
797,Pontiac,Bonneville,664-10-8416,"€49266,43"
798,Pontiac,Sunfire,525-33-9619,"€94749,41"
799,Dodge,Durango,355-11-7425,"€25556,28"
800,BMW,745,606-09-8390,"€54088,99"
801,Aston Martin,V8 Vantage,169-86-2636,"€98813,75"
802,Pontiac,Bonneville,153-30-8139,"€20420,32"
803,Lincoln,MKZ,286-94-3085,"€43088,98"
804,Daewoo,Lanos,794-89-6035,"€90744,72"
805,Chevrolet,S10 Blazer,379-48-0970,"€20714,98"
806,Audi,S4,762-72-4285,"€78553,97"
807,Volkswagen,GTI,706-04-6010,"€35961,25"
808,Infiniti,QX,251-75-4178,"€15416,01"
809,Chevrolet,Avalanche 2500,477-53-1390,"€50019,66"
810,Lexus,LX,617-56-7930,"€69576,27"
811,Ford,Fusion,291-08-2808,"€24776,46"
812,Nissan,Sentra,885-06-0827,"€47561,87"
813,Infiniti,I,682-83-5888,"€52958,05"
814,Toyota,Sienna,145-58-4473,"€72585,67"
815,Volvo,XC70,891-68-7570,"€69205,33"
816,Dodge,Ram 1500,696-60-7935,"€25835,77"
817,Volvo,960,245-39-5013,"€56614,06"
818,Daewoo,Leganza,324-35-5797,"€60897,41"
819,Mercedes-Benz,M-Class,287-09-0944,"€75706,76"
820,Chevrolet,TrailBlazer,893-11-2218,"€47271,64"
821,GMC,Sonoma Club Coupe,665-56-2484,"€40338,30"
822,GMC,Yukon,727-77-6887,"€85553,76"
823,Ford,F350,450-64-7832,"€89992,74"
824,Ford,Windstar,212-25-4501,"€24048,72"
825,Infiniti,QX,617-94-2981,"€64448,23"
826,Honda,CR-V,590-06-2407,"€67991,57"
827,Chevrolet,Silverado 3500,217-29-0284,"€31277,86"
828,Ford,Taurus,556-20-7078,"€59321,83"
829,Oldsmobile,Achieva,234-93-8812,"€69461,55"
830,Dodge,Avenger,673-55-7287,"€59534,47"
831,Ford,Windstar,151-31-5677,"€93619,08"
832,Pontiac,Firebird,612-07-5882,"€31773,13"
833,Audi,A4,882-41-7925,"€64958,30"
834,Jaguar,XF,803-27-8266,"€73057,05"
835,GMC,Yukon,424-12-0999,"€91909,05"
836,Toyota,MR2,651-52-1029,"€62750,34"
837,GMC,Savana 3500,890-06-0637,"€61817,70"
838,Ford,Focus,660-55-1206,"€70505,87"
839,Nissan,Murano,355-86-8355,"€35426,15"
840,Nissan,JUKE,794-12-6998,"€74744,94"
841,Plymouth,Laser,375-20-9522,"€42118,79"
842,Kia,Sportage,161-23-6520,"€45814,51"
843,Ford,Thunderbird,794-37-5325,"€91009,42"
844,Ford,Focus,301-04-9546,"€15659,92"
845,Pontiac,GTO,574-32-9254,"€77491,72"
846,Ford,Tempo,537-83-3593,"€75437,08"
847,Ford,F-Series,231-29-8597,"€73221,32"
848,Mitsubishi,Pajero,760-06-9260,"€45654,53"
849,Lotus,Elise,778-81-1770,"€73708,28"
850,Chrysler,PT Cruiser,760-86-8190,"€58367,53"
851,Pontiac,Firebird Formula,754-37-9982,"€44108,91"
852,Saab,900,805-45-2542,"€73820,86"
853,Chevrolet,Silverado,306-41-9084,"€76147,62"
854,GMC,Sierra 1500,227-14-3239,"€30907,42"
855,Hyundai,Tucson,387-90-4475,"€18094,19"
856,Chevrolet,Aveo,378-03-4280,"€63812,45"
857,Pontiac,Grand Prix,295-71-3190,"€52168,43"
858,Acura,TL,622-85-4076,"€84903,85"
859,Mercury,Villager,680-01-5671,"€64117,29"
860,Dodge,Caliber,295-07-2152,"€98870,61"
861,Volkswagen,Golf,488-42-0379,"€97165,23"
862,Chevrolet,Lumina,789-15-6216,"€53205,39"
863,Pontiac,Grand Prix,139-97-5279,"€61503,73"
864,Honda,Fit,623-66-4252,"€22579,20"
865,Jaguar,XK,331-67-3045,"€58070,39"
866,Toyota,Paseo,789-85-5994,"€70423,66"
867,Chevrolet,APV,841-21-1499,"€69011,28"
868,Acura,TL,607-97-8969,"€41290,54"
869,Cadillac,Eldorado,754-92-3843,"€33928,48"
870,Mazda,B-Series,135-75-4704,"€14110,71"
871,Cadillac,CTS,540-87-9024,"€15327,43"
872,Dodge,Stealth,218-72-9941,"€34285,20"
873,Mercedes-Benz,S-Class,217-33-9148,"€14339,94"
874,Toyota,TundraMax,207-70-3319,"€39202,89"
875,Chevrolet,Express,205-62-8650,"€82944,76"
876,BMW,1 Series,450-14-0794,"€33346,46"
877,Volvo,V70,347-95-5231,"€26333,13"
878,Eagle,Vision,895-13-6850,"€60266,34"
879,Suzuki,SX4,468-44-7612,"€82577,73"
880,Dodge,Stealth,296-09-9136,"€73559,00"
881,BMW,330,163-58-5685,"€21239,56"
882,GMC,Suburban 1500,291-26-6285,"€52925,13"
883,Jaguar,XK,329-69-9727,"€23573,05"
884,Plymouth,Voyager,855-02-7598,"€70922,97"
885,Suzuki,Grand Vitara,117-68-7723,"€71537,67"
886,Ford,Econoline E150,628-98-6453,"€22736,53"
887,Nissan,Rogue,134-20-8989,"€49649,33"
888,Toyota,Camry,220-37-8508,"€22897,64"
889,Lincoln,Town Car,121-75-3567,"€67546,03"
890,Hyundai,Sonata,409-64-6543,"€65585,80"
891,Suzuki,Sidekick,691-45-0334,"€81324,74"
892,GMC,Sierra 1500,604-52-5781,"€18376,29"
893,Mercedes-Benz,S-Class,263-38-6685,"€41094,41"
894,Hyundai,Scoupe,403-57-2630,"€86040,57"
895,Jeep,Cherokee,701-02-6531,"€49298,09"
896,Kia,Sedona,839-11-7133,"€35399,50"
897,Volkswagen,Routan,243-97-5697,"€83840,61"
898,Land Rover,Range Rover,858-18-3911,"€14437,73"
899,Nissan,Xterra,272-25-5309,"€76903,89"
900,Saab,900,148-88-2527,"€18873,81"
901,Audi,A8,343-48-9106,"€68202,13"
902,Acura,NSX,660-19-8237,"€55735,85"
903,Chevrolet,Express 3500,699-25-9246,"€49093,06"
904,Dodge,Dakota,370-68-8393,"€31579,03"
905,Volkswagen,Passat,340-26-6453,"€91011,61"
906,Pontiac,GTO,758-33-1535,"€43686,26"
907,Audi,A8,141-79-2457,"€77787,00"
908,Mercury,Cougar,701-25-7604,"€52986,93"
909,Ford,E-350 Super Duty Van,112-67-5305,"€16106,75"
910,Volvo,S60,104-33-7764,"€50244,57"
911,Chevrolet,Blazer,221-27-3101,"€31849,81"
912,Volvo,S80,318-17-4404,"€68690,64"
913,Mercury,Topaz,335-19-9515,"€39495,97"
914,Volvo,V40,191-88-8153,"€12871,90"
915,Chevrolet,S10,436-89-2125,"€14182,61"
916,Chevrolet,HHR,748-15-9797,"€41184,09"
917,Nissan,NV1500,265-57-7991,"€48326,74"
918,Mitsubishi,Galant,811-54-4031,"€14671,29"
919,Mazda,Miata MX-5,408-69-5957,"€46610,89"
920,Buick,Regal,767-51-0850,"€87297,75"
921,Jaguar,XK Series,235-39-4861,"€34976,45"
922,Kia,Rio,381-50-9294,"€45298,44"
923,GMC,Savana 3500,464-74-9395,"€98234,36"
924,Eagle,Talon,315-53-8520,"€29516,78"
925,Acura,TL,604-12-0554,"€95972,99"
926,Ford,Expedition,691-46-5112,"€43940,79"
927,Pontiac,Bonneville,281-19-5427,"€37558,57"
928,Volkswagen,Jetta,109-84-4946,"€61358,56"
929,Volkswagen,Jetta,691-68-2548,"€29826,28"
930,Volkswagen,GTI,347-82-3719,"€23477,57"
931,Ford,F-Series,476-66-5094,"€90189,92"
932,Infiniti,FX,785-96-5956,"€11499,79"
933,Mazda,929,499-84-1690,"€34868,92"
934,Buick,Century,398-72-6044,"€63755,79"
935,GMC,3500 Club Coupe,188-83-9383,"€40843,29"
936,Acura,RL,219-35-3045,"€16168,32"
937,Chevrolet,Venture,887-03-5610,"€77809,50"
938,Toyota,Yaris,210-99-6789,"€69621,57"
939,Isuzu,Hombre,266-32-3177,"€55937,93"
940,Maserati,Karif,354-14-3142,"€60784,52"
941,Lincoln,MKX,403-18-2545,"€46788,58"
942,Cadillac,XLR,391-59-0155,"€58100,07"
943,Dodge,Viper,108-21-0988,"€90873,38"
944,Chevrolet,SSR,416-72-5639,"€37884,94"
945,Chevrolet,Suburban 1500,320-58-5610,"€76670,40"
946,Kia,Mentor,895-34-7076,"€76215,46"
947,BMW,X3,851-45-0776,"€43727,99"
948,Pontiac,Sunfire,265-70-1501,"€41960,17"
949,Saab,900,897-48-2738,"€41375,71"
950,Suzuki,XL-7,611-97-8314,"€29539,38"
951,Honda,Element,570-15-3386,"€94504,51"
952,Toyota,Camry Solara,623-16-1524,"€89169,81"
953,GMC,Savana 2500,528-57-9969,"€30873,48"
954,Cadillac,Seville,348-76-0104,"€23186,58"
955,Plymouth,Grand Voyager,213-85-6735,"€69663,60"
956,Ford,E-Series,167-69-1056,"€91242,76"
957,Jaguar,XJ,702-42-6863,"€59260,33"
958,Volkswagen,Passat,817-42-2108,"€22781,66"
959,GMC,Safari,674-58-0715,"€73730,48"
960,Chevrolet,Express,679-60-3504,"€47133,20"
961,Plymouth,Neon,686-56-7637,"€41684,29"
962,Dodge,Ram Van 3500,406-31-8601,"€22525,37"
963,Infiniti,G35,438-39-6461,"€61023,75"
964,Volvo,C30,241-92-8111,"€73523,22"
965,Ford,F-Series,135-23-9327,"€16686,68"
966,Mazda,Mazdaspeed 3,319-06-7998,"€85228,05"
967,Cadillac,Escalade,185-39-4868,"€47435,41"
968,Honda,Accord,864-64-5116,"€66432,08"
969,Audi,RS 4,703-72-6471,"€58881,65"
970,Subaru,Outback,613-94-3943,"€30293,15"
971,Subaru,Impreza,645-23-4994,"€94913,68"
972,Ford,Econoline E350,798-86-1599,"€75708,40"
973,Suzuki,XL-7,772-81-6170,"€45266,87"
974,Saab,9-2X,745-50-3920,"€18594,91"
975,Mitsubishi,Chariot,270-29-5538,"€51805,73"
976,GMC,Jimmy,450-05-0602,"€31952,98"
977,Lexus,LS,323-21-6591,"€57974,36"
978,Ford,Mustang,621-96-9734,"€43408,41"
979,Mazda,B-Series Plus,732-17-9445,"€32866,45"
980,BMW,X5,144-55-5775,"€46037,41"
981,Pontiac,Sunbird,126-49-7535,"€66680,15"
982,BMW,550,358-31-9214,"€47936,51"
983,Subaru,Legacy,799-80-6963,"€10421,91"
984,Dodge,Shadow,618-64-3815,"€89628,64"
985,Buick,Riviera,187-58-8647,"€30459,29"
986,Volvo,C30,839-93-8299,"€26271,43"
987,Jeep,Grand Cherokee,669-11-8381,"€61665,09"
988,Mitsubishi,Outlander,622-33-9609,"€48685,51"
989,Kia,Sportage,193-44-9481,"€98680,75"
990,Volvo,C70,146-14-1096,"€47376,33"
991,Ford,Galaxie,468-07-9229,"€27543,46"
992,Ferrari,FF,538-57-2957,"€95789,39"
993,Buick,Skylark,301-16-6595,"€89699,11"
994,Jaguar,X-Type,742-31-2883,"€71531,39"
995,Dodge,Viper,510-19-2334,"€45753,49"
996,Chrysler,Imperial,384-89-0644,"€61627,88"
997,Mercedes-Benz,GLK-Class,485-04-2443,"€65106,52"
998,MINI,Clubman,466-42-3347,"€41954,78"
999,Hummer,H1,260-02-8841,"€52917,38"
1000,Pontiac,Grand Am,824-77-8624,"€99171,39"
